nonhsat090262.2,colorectal cancer
nonhsat090262.2,glioma
nonhsat090262.2,lung cancer
nonhsat024403.2,colon cancer
nonhsat016552.2,melanoma
nonhsat016552.2,prostate cancer
nonhsat016552.2,renal cell carcinoma
nonhsat016552.2,esophageal cancer
nonhsat016552.2,lung adenocarcinoma
nonhsat016552.2,osteosarcoma
nonhsat016552.2,colorectal cancer
nonhsat016552.2,bladder cancer
nonhsat016552.2,pancreatic cancer
nonhsat016552.2,thyroid cancer
nonhsat016552.2,osteosarcoma
nonhsat016552.2,colorectal cancer
nonhsat016552.2,gastric cancer
nonhsat016552.2,gastric cancer
nonhsat016552.2,hepatocellular carcinoma
nonhsat016552.2,glioma
nonhsat016552.2,glioma
nonhsat016552.2,glioma
nonhsat016552.2,glioma
nonhsat016552.2,hepatocellular carcinoma
nonhsat016552.2,hepatocellular carcinoma
nonhsat016552.2,hepatocellular carcinoma
nonhsat016552.2,hepatocellular carcinoma
nonhsat016552.2,epithelial ovarian cancer
nonhsat016552.2,urothelial cancer
nonhsat016552.2,astrocytoma
nonhsat147661.2,pancreatic ductal adenocarcinoma
nonhsat147661.2,gastric cancer
nonhsat147661.2,endometrial cancer
nonhsat147661.2,hepatocellular carcinoma
nonhsat147661.2,head and neck squamous cell carcinoma
nonhsat147661.2,melanoma
nonhsat147661.2,multiple myeloma
nonhsat147661.2,acute myeloid leukemia
nonhsat147661.2,gallbladder cancer
nonhsat147661.2,cholangiocarcinoma
nonhsat147661.2,oral squamous cell carcinoma
nonhsat147661.2,prostate cancer
nonhsat147661.2,intrahepatic cholangiocarcinoma
nonhsat147661.2,esophageal squamous cell cancer
nonhsat147661.2,retinoblastoma
nonhsat147661.2,osteosarcoma
nonhsat147661.2,medulloblastoma
nonhsat147661.2,pancreatic cancer
nonhsat147661.2,renal cell carcinoma
nonhsat147661.2,lung adenocarcinoma
nonhsat147661.2,colon cancer
nonhsat147661.2,glioma
nonhsat147661.2,colon cancer
nonhsat147661.2,glioma
nonhsat147661.2,gastric cancer
nonhsat147661.2,hepatocellular carcinoma
nonhsat147661.2,gastric cancer
nonhsat147661.2,colorectal cancer
nonhsat147661.2,colorectal cancer
nonhsat147661.2,colorectal cancer
nonhsat147661.2,colorectal cancer
nonhsat147661.2,colorectal cancer
nonhsat147661.2,hepatocellular carcinoma
nonhsat147661.2,gastric cancer
nonhsat147661.2,gastric cancer
nonhsat147661.2,hepatocellular carcinoma
nonhsat147661.2,hepatocellular carcinoma
nonhsat147661.2,hepatocellular carcinoma
nonhsat147661.2,gastric cancer
nonhsat147661.2,colorectal cancer
nonhsat147661.2,thyroid cancer
nonhsat147661.2,lung adenocarcinoma
nonhsat147661.2,gastric cancer
nonhsat147661.2,prostate cancer
nonhsat096369.2,glioma
nonhsat096369.2,colorectal cancer
nonhsat096369.2,osteosarcoma
nonhsat096369.2,malignant glioma
nonhsat096369.2,lung cancer
nonhsat096369.2,lung adenocarcinoma
nonhsat096369.2,retinoblastoma
nonhsat096369.2,glioma
nonhsat096369.2,glioblastoma
nonhsat096369.2,renal cell carcinoma
nonhsat096369.2,colorectal cancer
nonhsat096369.2,hepatocellular carcinoma
nonhsat096369.2,gastric cancer
nonhsat096369.2,osteosarcoma
nonhsat096369.2,colorectal cancer
nonhsat096369.2,osteosarcoma
nonhsat096369.2,hepatocellular carcinoma
nonhsat096369.2,prostate cancer
nonhsat096369.2,prostate cancer
nonhsat096369.2,gastric cancer
nonhsat096369.2,gastric cancer
nonhsat096369.2,esophageal cancer
nonhsat096369.2,glioma
nonhsat135333.2,neuroblastoma
nonhsat135333.2,hepatocellular carcinoma
nonhsat135333.2,hepatocellular carcinoma
nonhsat083310.2,pancreatic ductal adenocarcinoma
nonhsat083310.2,lung adenocarcinoma
nonhsat083310.2,lung cancer
nonhsat083310.2,hepatocellular carcinoma
nonhsat083310.2,lung cancer
nonhsat122125.2,renal cell carcinoma
nonhsat122125.2,adrenocortical carcinoma
nonhsat122125.2,hepatocellular carcinoma
nonhsat122125.2,lung adenocarcinoma
nonhsat007597.2,epithelial ovarian cancer
nonhsat007597.2,esophageal squamous cell cancer
nonhsat087635.2,hepatocellular carcinoma
nonhsat087635.2,gastric cancer
nonhsat087635.2,renal cell carcinoma
nonhsat087635.2,glioma
nonhsat087635.2,prostate cancer
nonhsat039783.2,glioblastoma
nonhsat091056.2,lung adenocarcinoma
nonhsat091056.2,hepatocellular carcinoma
nonhsat144212.2,lung adenocarcinoma
nonhsat144212.2,prostate cancer
nonhsat144212.2,osteosarcoma
nonhsat144212.2,gastric cancer
nonhsat144212.2,osteosarcoma
nonhsat144212.2,colorectal cancer
nonhsat144212.2,osteosarcoma
nonhsat144212.2,osteosarcoma
nonhsat123027.2,osteosarcoma
nonhsat123027.2,pancreatic ductal adenocarcinoma
nonhsat123027.2,colorectal cancer
nonhsat123027.2,lung adenocarcinoma
nonhsat123027.2,gastric cancer
nonhsat123027.2,lung adenocarcinoma
nonhsat123027.2,gastric cancer
nonhsat123027.2,hepatocellular carcinoma
nonhsat123027.2,colorectal cancer
nonhsat123027.2,multiple myeloma
nonhsat123027.2,colorectal cancer
nonhsat017473.2,lung adenocarcinoma
nonhsat017473.2,gastric cancer
nonhsat017473.2,gastric cancer
nonhsat017473.2,bladder cancer
nonhsat017473.2,acute myeloid leukemia
nonhsat017473.2,gastric adenocarcinoma
nonhsat017473.2,acute promyelocytic leukemia
nonhsat017473.2,embryonal carcinoma
nonhsat017473.2,chronic myeloid leukemia
nonhsat017473.2,gastric cardia adenocarcinoma
nonhsat017473.2,germ cell tumor
nonhsat017473.2,adrenocortical carcinoma
nonhsat017473.2,meningioma
nonhsat017473.2,hepatoblastoma
nonhsat017473.2,epithelial ovarian cancer
nonhsat017473.2,rhabdomyosarcoma
nonhsat017473.2,testicular cancer
nonhsat017473.2,small cell lung cancer
nonhsat017473.2,gestational choriocarcinoma
nonhsat017473.2,trophoblastic tumor
nonhsat017473.2,retinoblastoma
nonhsat017473.2,oral squamous cell carcinoma
nonhsat017473.2,neuroblastoma
nonhsat017473.2,thyroid cancer
nonhsat017473.2,cholangiocarcinoma
nonhsat017473.2,liver cancer
nonhsat017473.2,tongue squamous cell carcinoma
nonhsat017473.2,pancreatic cancer
nonhsat017473.2,melanoma
nonhsat017473.2,lung adenocarcinoma
nonhsat017473.2,esophageal cancer
nonhsat017473.2,liver cancer
nonhsat017473.2,choriocarcinoma
nonhsat017473.2,choriocarcinoma
nonhsat017473.2,testicular germ cell tumor
nonhsat017473.2,medulloblastoma
nonhsat017473.2,testicular germ cell tumor
nonhsat017473.2,neuroblastoma
nonhsat017473.2,pancreatic ductal adenocarcinoma
nonhsat017473.2,prostate cancer
nonhsat017473.2,esophageal squamous cell cancer
nonhsat017473.2,prostate cancer
nonhsat017473.2,endometrial cancer
nonhsat017473.2,prostate cancer
nonhsat017473.2,endometrial cancer
nonhsat017473.2,head and neck squamous cell carcinoma
nonhsat017473.2,head and neck squamous cell carcinoma
nonhsat017473.2,cholangiocarcinoma
nonhsat017473.2,osteosarcoma
nonhsat017473.2,osteosarcoma
nonhsat017473.2,thyroid cancer
nonhsat017473.2,colon cancer
nonhsat017473.2,glioblastoma
nonhsat017473.2,wilms tumor
nonhsat017473.2,wilms tumor
nonhsat017473.2,wilms tumor
nonhsat017473.2,wilms tumor
nonhsat017473.2,osteosarcoma
nonhsat017473.2,lung cancer
nonhsat017473.2,lung cancer
nonhsat017473.2,lung cancer
nonhsat017473.2,lung cancer
nonhsat017473.2,acute myeloid leukemia
nonhsat017473.2,gallbladder cancer
nonhsat017473.2,gallbladder cancer
nonhsat017473.2,head and neck squamous cell carcinoma
nonhsat017473.2,pancreatic ductal adenocarcinoma
nonhsat017473.2,acute myeloid leukemia
nonhsat017473.2,endometrial cancer
nonhsat017473.2,esophageal squamous cell cancer
nonhsat017473.2,pancreatic ductal adenocarcinoma
nonhsat017473.2,gallbladder cancer
nonhsat017473.2,esophageal squamous cell cancer
nonhsat017473.2,glioblastoma
nonhsat017473.2,colon cancer
nonhsat017473.2,colon cancer
nonhsat017473.2,colon cancer
nonhsat017473.2,osteosarcoma
nonhsat017473.2,glioma
nonhsat017473.2,glioblastoma
nonhsat017473.2,glioma
nonhsat017473.2,glioblastoma
nonhsat017473.2,lung cancer
nonhsat017473.2,hepatocellular carcinoma
nonhsat017473.2,hepatocellular carcinoma
nonhsat017473.2,hepatocellular carcinoma
nonhsat017473.2,hepatocellular carcinoma
nonhsat017473.2,hepatocellular carcinoma
nonhsat017473.2,hepatocellular carcinoma
nonhsat017473.2,hepatocellular carcinoma
nonhsat017473.2,hepatocellular carcinoma
nonhsat017473.2,hepatocellular carcinoma
nonhsat017473.2,bladder cancer
nonhsat017473.2,bladder cancer
nonhsat017473.2,bladder cancer
nonhsat017473.2,bladder cancer
nonhsat017473.2,bladder cancer
nonhsat017473.2,bladder cancer
nonhsat017473.2,colorectal cancer
nonhsat017473.2,colorectal cancer
nonhsat017473.2,colorectal cancer
nonhsat017473.2,colorectal cancer
nonhsat017473.2,colorectal cancer
nonhsat017473.2,colorectal cancer
nonhsat017473.2,colorectal cancer
nonhsat017473.2,colorectal cancer
nonhsat017473.2,colorectal cancer
nonhsat017473.2,colorectal cancer
nonhsat017473.2,glioma
nonhsat017473.2,glioma
nonhsat017473.2,glioma
nonhsat017473.2,glioma
nonhsat017473.2,glioma
nonhsat017473.2,glioma
nonhsat017473.2,gastric cancer
nonhsat017473.2,gastric cancer
nonhsat017473.2,gastric cancer
nonhsat017473.2,hepatocellular carcinoma
nonhsat017473.2,hepatocellular carcinoma
nonhsat017473.2,bladder cancer
nonhsat017473.2,bladder cancer
nonhsat017473.2,bladder cancer
nonhsat017473.2,bladder cancer
nonhsat017473.2,bladder cancer
nonhsat017473.2,bladder cancer
nonhsat017473.2,bladder cancer
nonhsat017473.2,colorectal cancer
nonhsat017473.2,colorectal cancer
nonhsat017473.2,colorectal cancer
nonhsat017473.2,colorectal cancer
nonhsat017473.2,colorectal cancer
nonhsat017473.2,gastric cancer
nonhsat017473.2,gastric cancer
nonhsat017473.2,gastric cancer
nonhsat017473.2,gastric cancer
nonhsat017473.2,gastric cancer
nonhsat017473.2,gastric cancer
nonhsat017473.2,gastric cancer
nonhsat017473.2,gastric cancer
nonhsat017473.2,gastric cancer
nonhsat017473.2,gastric cancer
nonhsat017473.2,gastric cancer
nonhsat017473.2,gastric cancer
nonhsat017473.2,gastric cancer
nonhsat017473.2,hepatocellular carcinoma
nonhsat017473.2,retinoblastoma
nonhsat017473.2,hepatocellular carcinoma
nonhsat017473.2,hepatocellular carcinoma
nonhsat017473.2,glioblastoma
nonhsat017473.2,lung cancer
nonhsat017473.2,multiple myeloma
nonhsat108289.2,prostate cancer
nonhsat108289.2,hepatocellular carcinoma
nonhsat037272.2,colorectal cancer
nonhsat037272.2,gastric cancer
nonhsat037272.2,renal cancer
nonhsat037281.2,hepatocellular carcinoma
nonhsat037281.2,bladder cancer
nonhsat037281.2,gastric cancer
nonhsat037281.2,renal cancer
nonhsat037281.2,colorectal cancer
nonhsat037281.2,glioblastoma
nonhsat037281.2,osteosarcoma
nonhsat028509.2,gastric cancer
nonhsat028509.2,head and neck squamous cell carcinoma
nonhsat028509.2,pancreatic cancer
nonhsat028509.2,pancreatic cancer
nonhsat028509.2,osteosarcoma
nonhsat028509.2,epithelial ovarian cancer
nonhsat028509.2,acute myeloid leukemia
nonhsat028509.2,gastric cardia adenocarcinoma
nonhsat028509.2,multiple myeloma
nonhsat028509.2,esophageal squamous cell cancer
nonhsat028509.2,renal cancer
nonhsat028509.2,malignant glioma
nonhsat028509.2,chronic myeloid leukemia
nonhsat028509.2,b-cell lymphoma
nonhsat028509.2,vulvar squamous cell carcinoma
nonhsat028509.2,diffuse large b-cell lymphoma
nonhsat028509.2,pituitary adenoma
nonhsat028509.2,sarcoma
nonhsat028509.2,pancreatic ductal adenocarcinoma
nonhsat028509.2,chondrosarcoma
nonhsat028509.2,esophageal cancer
nonhsat028509.2,gallbladder cancer
nonhsat028509.2,gastrointestinal stromal tumor
nonhsat028509.2,melanoma
nonhsat028509.2,thyroid cancer
nonhsat028509.2,gastrointestinal stromal tumor
nonhsat028509.2,small cell lung cancer
nonhsat028509.2,retinoblastoma
nonhsat028509.2,gastric adenocarcinoma
nonhsat028509.2,liver cancer
nonhsat028509.2,urothelial cancer
nonhsat028509.2,small cell lung cancer
nonhsat028509.2,gastric adenocarcinoma
nonhsat028509.2,acute myeloid leukemia
nonhsat028509.2,glioblastoma
nonhsat028509.2,acute myeloid leukemia
nonhsat028509.2,glioblastoma
nonhsat028509.2,glioblastoma
nonhsat028509.2,endometrial cancer
nonhsat028509.2,lung cancer
nonhsat028509.2,endometrial cancer
nonhsat028509.2,thyroid cancer
nonhsat028509.2,lung adenocarcinoma
nonhsat028509.2,oral squamous cell carcinoma
nonhsat028509.2,pancreatic ductal adenocarcinoma
nonhsat028509.2,oral squamous cell carcinoma
nonhsat028509.2,head and neck squamous cell carcinoma
nonhsat028509.2,endometrial cancer
nonhsat028509.2,lung cancer
nonhsat028509.2,melanoma
nonhsat028509.2,oral squamous cell carcinoma
nonhsat028509.2,colon cancer
nonhsat028509.2,colon cancer
nonhsat028509.2,renal cell carcinoma
nonhsat028509.2,renal cell carcinoma
nonhsat028509.2,colon cancer
nonhsat028509.2,prostate cancer
nonhsat028509.2,prostate cancer
nonhsat028509.2,bladder cancer
nonhsat028509.2,osteosarcoma
nonhsat028509.2,pancreatic cancer
nonhsat028509.2,bladder cancer
nonhsat028509.2,prostate cancer
nonhsat028509.2,bladder cancer
nonhsat028509.2,bladder cancer
nonhsat028509.2,bladder cancer
nonhsat028509.2,prostate cancer
nonhsat028509.2,osteosarcoma
nonhsat028509.2,prostate cancer
nonhsat028509.2,pancreatic cancer
nonhsat028509.2,head and neck squamous cell carcinoma
nonhsat028509.2,lung adenocarcinoma
nonhsat028509.2,head and neck squamous cell carcinoma
nonhsat028509.2,lung cancer
nonhsat028509.2,lung adenocarcinoma
nonhsat028509.2,oral squamous cell carcinoma
nonhsat028509.2,endometrial cancer
nonhsat028509.2,lung adenocarcinoma
nonhsat028509.2,lung cancer
nonhsat028509.2,esophageal squamous cell cancer
nonhsat028509.2,esophageal squamous cell cancer
nonhsat028509.2,esophageal squamous cell cancer
nonhsat028509.2,glioma
nonhsat028509.2,renal cell carcinoma
nonhsat028509.2,colon cancer
nonhsat028509.2,glioma
nonhsat028509.2,renal cell carcinoma
nonhsat028509.2,glioma
nonhsat028509.2,renal cell carcinoma
nonhsat028509.2,glioma
nonhsat028509.2,colon cancer
nonhsat028509.2,glioma
nonhsat028509.2,colorectal cancer
nonhsat028509.2,colorectal cancer
nonhsat028509.2,colorectal cancer
nonhsat028509.2,colorectal cancer
nonhsat028509.2,colorectal cancer
nonhsat028509.2,colorectal cancer
nonhsat028509.2,colorectal cancer
nonhsat028509.2,pancreatic cancer
nonhsat028509.2,pancreatic cancer
nonhsat028509.2,prostate cancer
nonhsat028509.2,bladder cancer
nonhsat028509.2,hepatocellular carcinoma
nonhsat028509.2,hepatocellular carcinoma
nonhsat028509.2,hepatocellular carcinoma
nonhsat028509.2,hepatocellular carcinoma
nonhsat028509.2,hepatocellular carcinoma
nonhsat028509.2,hepatocellular carcinoma
nonhsat028509.2,hepatocellular carcinoma
nonhsat028509.2,hepatocellular carcinoma
nonhsat028509.2,hepatocellular carcinoma
nonhsat028509.2,esophageal squamous cell cancer
nonhsat028509.2,esophageal squamous cell cancer
nonhsat028509.2,esophageal squamous cell cancer
nonhsat028509.2,esophageal squamous cell cancer
nonhsat028509.2,esophageal squamous cell cancer
nonhsat028509.2,glioma
nonhsat028509.2,glioma
nonhsat028509.2,gastric cancer
nonhsat028509.2,glioma
nonhsat028509.2,glioma
nonhsat028509.2,gastric cancer
nonhsat028509.2,gastric cancer
nonhsat028509.2,glioma
nonhsat028509.2,gastric cancer
nonhsat028509.2,gastric cancer
nonhsat028509.2,gastric cancer
nonhsat028509.2,colorectal cancer
nonhsat028509.2,colorectal cancer
nonhsat028509.2,colorectal cancer
nonhsat028509.2,colorectal cancer
nonhsat028509.2,hepatocellular carcinoma
nonhsat028509.2,hepatocellular carcinoma
nonhsat028509.2,hepatocellular carcinoma
nonhsat028509.2,hepatocellular carcinoma
nonhsat028509.2,hepatocellular carcinoma
nonhsat028509.2,hepatocellular carcinoma
nonhsat028509.2,gastric cancer
nonhsat028509.2,gastric cancer
nonhsat028509.2,gastric cancer
nonhsat028509.2,gastric cancer
nonhsat028509.2,gastric cancer
nonhsat028509.2,gastric cancer
nonhsat028509.2,gastric cancer
nonhsat028509.2,gastric cancer
nonhsat028509.2,gastric cancer
nonhsat028509.2,gastric cancer
nonhsat028509.2,gastric cancer
nonhsat028509.2,gastric cancer
nonhsat028509.2,gastric cancer
nonhsat028509.2,hepatocellular carcinoma
nonhsat028509.2,renal cell carcinoma
nonhsat028509.2,prostate cancer
nonhsat028509.2,colorectal cancer
nonhsat028509.2,liver cancer
nonhsat028509.2,prostate cancer
nonhsat028509.2,colorectal cancer
nonhsat119665.2,pancreatic ductal adenocarcinoma
nonhsat119665.2,acute myeloid leukemia
nonhsat119665.2,acute promyelocytic leukemia
nonhsat119665.2,lung adenocarcinoma
nonhsat119665.2,pancreatic ductal adenocarcinoma
nonhsat119665.2,promyelocytic leukemia
nonhsat119665.2,glioblastoma
nonhsat119665.2,colorectal cancer
nonhsat119665.2,acute promyelocytic leukemia
nonhsat119665.2,acute promyelocytic leukemia
nonhsat119665.2,head and neck cancer
nonhsat017487.2,hepatocellular carcinoma
nonhsat017487.2,liver cancer
nonhsat017487.2,hepatocellular carcinoma
nonhsat017487.2,wilms tumor
nonhsat017487.2,wilms tumor
nonhsat041063.2,hepatocellular carcinoma
nonhsat017531.2,wilms tumor
nonhsat017523.2,melanoma
nonhsat017523.2,glioma
nonhsat017523.2,lung adenocarcinoma
nonhsat017523.2,colorectal cancer
nonhsat017523.2,hepatocellular carcinoma
nonhsat017523.2,prostate cancer
nonhsat017523.2,hepatocellular carcinoma
nonhsat017523.2,colorectal cancer
nonhsat017523.2,hepatocellular carcinoma
nonhsat017523.2,acute myeloid leukemia
nonhsat048149.2,hepatocellular carcinoma
nonhsat048149.2,hepatocellular carcinoma
nonhsat078992.2,pancreatic cancer
nonhsat078992.2,hepatocellular carcinoma
nonhsat078992.2,colon cancer
nonhsat078992.2,gastric cancer
nonhsat078992.2,gastric cancer
nonhsat078992.2,gastric cancer
nonhsat001465.2,pancreatic ductal adenocarcinoma
nonhsat001465.2,glioma
nonhsat102662.2,glioma
nonhsat009289.2,neuroblastoma
nonhsat116018.2,lung cancer
nonhsat116018.2,wilms tumor
nonhsat116018.2,renal cell carcinoma
nonhsat055705.2,pancreatic ductal adenocarcinoma
nonhsat055705.2,tongue squamous cell carcinoma
nonhsat055705.2,lung adenocarcinoma
nonhsat055705.2,lung squamous cell carcinoma
nonhsat065991.2,hepatocellular carcinoma
nonhsat065991.2,hepatocellular carcinoma
nonhsat011260.2,lung adenocarcinoma
nonhsat053635.2,hepatocellular carcinoma
nonhsat059436.2,endometrial cancer
nonhsat059436.2,prostate cancer
nonhsat059436.2,lung adenocarcinoma
nonhsat059436.2,esophageal cancer
nonhsat059436.2,melanoma
nonhsat059436.2,sarcoma
nonhsat059436.2,glioblastoma
nonhsat059436.2,glioma
nonhsat059436.2,esophageal squamous cell cancer
nonhsat059436.2,gallbladder cancer
nonhsat059436.2,bladder cancer
nonhsat059436.2,renal cell carcinoma
nonhsat059436.2,lung cancer
nonhsat059436.2,pancreatic cancer
nonhsat059436.2,hepatocellular carcinoma
nonhsat059436.2,pancreatic cancer
nonhsat059436.2,gastric cancer
nonhsat059436.2,colorectal cancer
nonhsat059436.2,hepatocellular carcinoma
nonhsat059436.2,esophageal squamous cell cancer
nonhsat059436.2,colon cancer
nonhsat059436.2,colon cancer
nonhsat059436.2,bladder cancer
nonhsat059436.2,lung cancer
nonhsat059436.2,colorectal cancer
nonhsat059436.2,gastric cancer
nonhsat059436.2,hepatocellular carcinoma
nonhsat059436.2,colorectal cancer
nonhsat059436.2,gastric cancer
nonhsat059436.2,pancreatic cancer
nonhsat059436.2,colon cancer
nonhsat059436.2,colon cancer
nonhsat059436.2,thyroid cancer
nonhsat203709.1,colorectal cancer
nonhsat203709.1,hepatocellular carcinoma
nonhsat203709.1,hepatocellular carcinoma
nonhsat203709.1,hepatocellular carcinoma
nonhsat203709.1,hepatocellular carcinoma
nonhsat203709.1,hepatocellular carcinoma
nonhsat121995.2,acute myeloid leukemia
nonhsat121995.2,gastric cancer
nonhsat102745.2,colorectal cancer
nonhsat102745.2,lung adenocarcinoma
nonhsat102745.2,osteosarcoma
nonhsat102745.2,esophageal squamous cell cancer
nonhsat102745.2,glioma
nonhsat102745.2,lung cancer
nonhsat102745.2,acute myeloid leukemia
nonhsat039746.2,pancreatic ductal adenocarcinoma
nonhsat039746.2,acute myeloid leukemia
nonhsat039746.2,colorectal cancer
nonhsat039746.2,multiple myeloma
nonhsat039746.2,acute myeloid leukemia
nonhsat039746.2,multiple myeloma
nonhsat039746.2,chronic myeloid leukemia
nonhsat039746.2,glioblastoma multiforme
nonhsat039746.2,glioblastoma
nonhsat039746.2,vulvar squamous cell carcinoma
nonhsat039746.2,meningioma
nonhsat039746.2,liver cancer
nonhsat039746.2,chronic myeloid leukemia
nonhsat039746.2,gastric cardia adenocarcinoma
nonhsat039746.2,testicular germ cell tumor
nonhsat039746.2,tongue squamous cell carcinoma
nonhsat039746.2,retinoblastoma
nonhsat039746.2,esophageal cancer
nonhsat039746.2,esophageal squamous cell cancer
nonhsat039746.2,gallbladder cancer
nonhsat039746.2,lung adenocarcinoma
nonhsat039746.2,oral squamous cell carcinoma
nonhsat039746.2,wilms tumor
nonhsat039746.2,colon cancer
nonhsat039746.2,wilms tumor
nonhsat039746.2,colon cancer
nonhsat039746.2,pancreatic neuroendocrine tumor
nonhsat039746.2,osteosarcoma
nonhsat039746.2,pancreatic cancer
nonhsat039746.2,pancreatic neuroendocrine tumor
nonhsat039746.2,pancreatic cancer
nonhsat039746.2,neuroblastoma
nonhsat039746.2,osteosarcoma
nonhsat039746.2,bladder cancer
nonhsat039746.2,pituitary adenoma
nonhsat039746.2,pituitary adenoma
nonhsat039746.2,osteosarcoma
nonhsat039746.2,neuroblastoma
nonhsat039746.2,bladder cancer
nonhsat039746.2,pituitary adenoma
nonhsat039746.2,prostate cancer
nonhsat039746.2,esophageal cancer
nonhsat039746.2,acute myeloid leukemia
nonhsat039746.2,endometrial cancer
nonhsat039746.2,epithelial ovarian cancer
nonhsat039746.2,endometrial cancer
nonhsat039746.2,epithelial ovarian cancer
nonhsat039746.2,oral squamous cell carcinoma
nonhsat039746.2,colorectal cancer
nonhsat039746.2,colorectal cancer
nonhsat039746.2,colorectal cancer
nonhsat039746.2,lung cancer
nonhsat039746.2,pancreatic cancer
nonhsat039746.2,lung cancer
nonhsat039746.2,lung cancer
nonhsat039746.2,pancreatic neuroendocrine tumor
nonhsat039746.2,prostate cancer
nonhsat039746.2,bladder cancer
nonhsat039746.2,prostate cancer
nonhsat039746.2,neuroblastoma
nonhsat039746.2,lung cancer
nonhsat039746.2,gastric cancer
nonhsat039746.2,acute myeloid leukemia
nonhsat039746.2,hepatocellular carcinoma
nonhsat039746.2,hepatocellular carcinoma
nonhsat039746.2,hepatocellular carcinoma
nonhsat039746.2,glioma
nonhsat039746.2,glioma
nonhsat039746.2,glioma
nonhsat039746.2,hepatocellular carcinoma
nonhsat039746.2,hepatocellular carcinoma
nonhsat039746.2,hepatocellular carcinoma
nonhsat039746.2,glioma
nonhsat039746.2,glioma
nonhsat039746.2,glioma
nonhsat039746.2,colorectal cancer
nonhsat039746.2,lung cancer
nonhsat039746.2,lung cancer
nonhsat039746.2,gastric cancer
nonhsat039746.2,gastric cancer
nonhsat039746.2,gastric cancer
nonhsat039746.2,gastric cancer
nonhsat039746.2,gastric cancer
nonhsat039746.2,gastric cancer
nonhsat039746.2,glioma
nonhsat039746.2,glioma
nonhsat039746.2,glioma
nonhsat039746.2,hepatocellular carcinoma
nonhsat039746.2,hepatocellular carcinoma
nonhsat039746.2,hepatocellular carcinoma
nonhsat039746.2,chronic myeloid leukemia
nonhsat039746.2,melanoma
nonhsat039746.2,gastric cancer
nonhsat039746.2,melanoma
nonhsat039746.2,bladder cancer
nonhsat192181.1,hepatocellular carcinoma
nonhsat192181.1,colorectal cancer
nonhsat192181.1,lung cancer
nonhsat192181.1,chronic lymphocytic leukemia
nonhsat192181.1,gastric cancer
nonhsat192181.1,gastric cancer
nonhsat192181.1,pancreatic cancer
nonhsat024777.2,neuroblastoma
nonhsat024777.2,medulloblastoma
nonhsat024777.2,pancreatic ductal adenocarcinoma
nonhsat024777.2,colorectal cancer
nonhsat024777.2,acute megakaryoblastic leukemia
nonhsat024777.2,hepatocellular carcinoma
nonhsat024777.2,hepatocellular carcinoma
nonhsat034666.2,diffuse large b-cell lymphoma
nonhsat034666.2,prostate cancer
nonhsat034666.2,prostate cancer
nonhsat142695.2,liver cancer
nonhsat142695.2,gastric cancer
nonhsat022112.2,colorectal cancer
nonhsat022112.2,lung adenocarcinoma
nonhsat022112.2,chronic lymphocytic leukemia
nonhsat022112.2,multiple myeloma
nonhsat022112.2,thyroid cancer
nonhsat022112.2,leukemia
nonhsat022112.2,vulvar squamous cell carcinoma
nonhsat022112.2,glioblastoma
nonhsat022112.2,esophageal squamous cell cancer
nonhsat022112.2,renal cell carcinoma
nonhsat022112.2,pancreatic cancer
nonhsat022112.2,cholangiocarcinoma
nonhsat022112.2,acute promyelocytic leukemia
nonhsat022112.2,osteosarcoma
nonhsat022112.2,bladder cancer
nonhsat022112.2,gastric adenocarcinoma
nonhsat022112.2,acute promyelocytic leukemia
nonhsat022112.2,oral squamous cell carcinoma
nonhsat022112.2,gastric cancer
nonhsat022112.2,oral squamous cell carcinoma
nonhsat022112.2,osteosarcoma
nonhsat022112.2,lung cancer
nonhsat022112.2,lung cancer
nonhsat022112.2,lung cancer
nonhsat022112.2,lung cancer
nonhsat022112.2,colorectal cancer
nonhsat022112.2,esophageal squamous cell cancer
nonhsat022112.2,prostate cancer
nonhsat022112.2,prostate cancer
nonhsat022112.2,glioma
nonhsat022112.2,glioma
nonhsat022112.2,glioma
nonhsat022112.2,gastric cancer
nonhsat022112.2,gastric cancer
nonhsat022112.2,colorectal cancer
nonhsat022112.2,colorectal cancer
nonhsat022112.2,hepatocellular carcinoma
nonhsat022112.2,hepatocellular carcinoma
nonhsat022112.2,hepatocellular carcinoma
nonhsat022112.2,glioma
nonhsat022112.2,glioma
nonhsat022112.2,hepatocellular carcinoma
nonhsat022112.2,hepatocellular carcinoma
nonhsat022112.2,hepatocellular carcinoma
nonhsat022112.2,hepatocellular carcinoma
nonhsat022112.2,hepatocellular carcinoma
nonhsat022112.2,hepatocellular carcinoma
nonhsat022112.2,lung adenocarcinoma
nonhsat022112.2,hepatocellular carcinoma
nonhsat022112.2,cholangiocarcinoma
nonhsat104436.2,esophageal squamous cell cancer
nonhsat016525.2,glioblastoma
nonhsat016940.2,hepatocellular carcinoma
nonhsat016940.2,hepatocellular carcinoma
nonhsat131964.2,prostate cancer
nonhsat131964.2,prostate cancer
nonhsat131964.2,prostate cancer
nonhsat131964.2,prostate cancer
nonhsat131964.2,prostate cancer
nonhsat131964.2,prostate cancer
nonhsat131964.2,prostate cancer
nonhsat131964.2,prostate cancer
nonhsat131964.2,prostate cancer
nonhsat131964.2,prostate cancer
nonhsat131964.2,prostate cancer
nonhsat131964.2,prostate cancer
nonhsat131964.2,prostate cancer
nonhsat131964.2,prostate cancer
nonhsat131964.2,prostate cancer
nonhsat131964.2,prostate cancer
nonhsat131964.2,prostate cancer
nonhsat131964.2,prostate cancer
nonhsat131964.2,prostate cancer
nonhsat008851.2,lung squamous cell carcinoma
nonhsat008851.2,prostate cancer
nonhsat008851.2,lung cancer
nonhsat076153.2,prostate cancer
nonhsat076153.2,prostate cancer
nonhsat076153.2,prostate cancer
nonhsat076153.2,prostate cancer
nonhsat076153.2,prostate cancer
nonhsat076153.2,prostate cancer
nonhsat076153.2,prostate cancer
nonhsat076153.2,prostate cancer
nonhsat076153.2,prostate cancer
nonhsat076153.2,prostate cancer
nonhsat076153.2,prostate cancer
nonhsat076153.2,prostate cancer
nonhsat076153.2,prostate cancer
nonhsat076153.2,prostate cancer
nonhsat076153.2,prostate cancer
nonhsat036413.2,thyroid cancer
nonhsat036413.2,thyroid cancer
nonhsat130775.2,prostate cancer
nonhsat130775.2,hepatocellular carcinoma
nonhsat130775.2,gastric cancer
nonhsat130775.2,gastric cancer
nonhsat130775.2,hepatocellular carcinoma
nonhsat130775.2,gastric cancer
nonhsat130775.2,osteosarcoma
nonhsat129063.2,hepatocellular carcinoma
nonhsat129063.2,hepatocellular carcinoma
nonhsat129063.2,glioma
nonhsat129063.2,uveal melanoma
nonhsat129063.2,pancreatic cancer
nonhsat129063.2,hepatocellular carcinoma
nonhsat129063.2,b-cell lymphoma
nonhsat129063.2,leukemia
nonhsat129063.2,renal cancer
nonhsat129063.2,osteosarcoma
nonhsat129063.2,acute promyelocytic leukemia
nonhsat129063.2,pancreatic ductal adenocarcinoma
nonhsat129063.2,multiple myeloma
nonhsat129063.2,esophageal squamous cell cancer
nonhsat129063.2,lung cancer
nonhsat129063.2,renal cell carcinoma
nonhsat129063.2,colon cancer
nonhsat129063.2,lung cancer
nonhsat129063.2,renal cell carcinoma
nonhsat129063.2,esophageal cancer
nonhsat129063.2,small cell lung cancer
nonhsat129063.2,bladder cancer
nonhsat129063.2,thyroid cancer
nonhsat129063.2,glioma
nonhsat129063.2,pancreatic cancer
nonhsat129063.2,pancreatic cancer
nonhsat129063.2,prostate cancer
nonhsat129063.2,melanoma
nonhsat129063.2,melanoma
nonhsat129063.2,colorectal cancer
nonhsat129063.2,colorectal cancer
nonhsat129063.2,melanoma
nonhsat129063.2,colorectal cancer
nonhsat129063.2,hepatocellular carcinoma
nonhsat129063.2,hepatocellular carcinoma
nonhsat129063.2,hepatocellular carcinoma
nonhsat129063.2,hepatocellular carcinoma
nonhsat129063.2,glioma
nonhsat129063.2,glioma
nonhsat129063.2,prostate cancer
nonhsat129063.2,pancreatic cancer
nonhsat129063.2,prostate cancer
nonhsat129063.2,prostate cancer
nonhsat129063.2,gastric cancer
nonhsat129063.2,pancreatic cancer
nonhsat129063.2,gastric cancer
nonhsat129063.2,gastric cancer
nonhsat129063.2,prostate cancer
nonhsat129063.2,colorectal cancer
nonhsat129063.2,colorectal cancer
nonhsat129063.2,colorectal cancer
nonhsat129063.2,hepatocellular carcinoma
nonhsat129063.2,hepatocellular carcinoma
nonhsat129063.2,gastric cancer
nonhsat129063.2,gastric cancer
nonhsat129063.2,gastric cancer
nonhsat129063.2,gastric cancer
nonhsat129063.2,gastric cancer
nonhsat129063.2,gastric cancer
nonhsat129063.2,gastric cancer
nonhsat129063.2,pancreatic cancer
nonhsat129063.2,pancreatic ductal adenocarcinoma
nonhsat129063.2,hepatocellular carcinoma
nonhsat129063.2,colorectal cancer
nonhsat041865.2,epithelial ovarian cancer
nonhsat130962.2,gastric cancer
nonhsat130962.2,lung adenocarcinoma
nonhsat130962.2,glioma
nonhsat130962.2,lung cancer
nonhsat017939.2,lung adenocarcinoma
nonhsat001967.2,endometrial cancer
nonhsat001967.2,lung adenocarcinoma
nonhsat001967.2,glioma
nonhsat001967.2,hepatocellular carcinoma
nonhsat001967.2,colorectal cancer
nonhsat001967.2,gastric cancer
nonhsat001967.2,gastric cancer
nonhsat001967.2,osteosarcoma
nonhsat001967.2,osteosarcoma
nonhsat001967.2,glioma
nonhsat120414.2,renal cell carcinoma
nonhsat120414.2,glioma
nonhsat120414.2,colon cancer
nonhsat120414.2,colorectal cancer
nonhsat120414.2,hepatocellular carcinoma
nonhsat120414.2,gastric cancer
nonhsat120414.2,osteosarcoma
nonhsat120414.2,pancreatic cancer
nonhsat001952.2,colorectal cancer
nonhsat001952.2,hepatocellular carcinoma
nonhsat113854.2,chronic myeloid leukemia
nonhsat113854.2,colorectal cancer
nonhsat113854.2,lung adenocarcinoma
nonhsat113854.2,bladder cancer
nonhsat113854.2,gastric cancer
nonhsat113854.2,gastric cancer
nonhsat113854.2,prostate cancer
nonhsat113854.2,prostate cancer
nonhsat113854.2,acute myeloid leukemia
nonhsat135577.2,prostate cancer
nonhsat135577.2,glioblastoma
nonhsat135577.2,lung cancer
nonhsat135577.2,gastric cancer
nonhsat135577.2,esophageal cancer
nonhsat135577.2,bladder cancer
nonhsat135577.2,osteosarcoma
nonhsat135577.2,colorectal cancer
nonhsat135577.2,colorectal cancer
nonhsat097975.2,neuroblastoma
nonhsat097975.2,endometrial cancer
nonhsat097975.2,gastric cancer
nonhsat097975.2,gastric cancer
nonhsat065921.2,hepatocellular carcinoma
nonhsat112472.2,esophageal squamous cell cancer
nonhsat112472.2,epithelial ovarian cancer
nonhsat112472.2,endometrial cancer
nonhsat121825.2,colon cancer
nonhsat121825.2,glioma
nonhsat121825.2,gastric cancer
nonhsat000530.2,glioblastoma multiforme
nonhsat000530.2,multiple myeloma
nonhsat000530.2,hepatocellular carcinoma
nonhsat000530.2,bladder cancer
nonhsat000530.2,esophageal squamous cell cancer
nonhsat000530.2,oligodendroglioma
nonhsat000530.2,glioma
nonhsat000530.2,glioma
nonhsat000530.2,cholangiocarcinoma
nonhsat000530.2,osteosarcoma
nonhsat091315.2,colorectal cancer
nonhsat091315.2,colon cancer
nonhsat091315.2,pancreatic ductal adenocarcinoma
nonhsat091315.2,acute myeloid leukemia
nonhsat091315.2,endometrial cancer
nonhsat091315.2,gastric cancer
nonhsat091315.2,glioblastoma multiforme
nonhsat091315.2,hepatocellular carcinoma
nonhsat091315.2,glioma
nonhsat091315.2,esophageal squamous cell cancer
nonhsat091315.2,glioma
nonhsat091315.2,osteosarcoma
nonhsat091315.2,esophageal squamous cell cancer
nonhsat091315.2,osteosarcoma
nonhsat091315.2,colorectal cancer
nonhsat091315.2,colorectal cancer
nonhsat091315.2,colorectal cancer
nonhsat061515.2,hepatocellular carcinoma
nonhsat061515.2,lung cancer
nonhsat061515.2,endometrial cancer
nonhsat061515.2,bladder cancer
nonhsat061515.2,bladder cancer
nonhsat061515.2,bladder cancer
nonhsat061515.2,glioblastoma
nonhsat061515.2,chronic myeloid leukemia
nonhsat061515.2,gallbladder cancer
nonhsat061515.2,cholangiocarcinoma
nonhsat061515.2,lung adenocarcinoma
nonhsat061515.2,medulloblastoma
nonhsat061515.2,multiple myeloma
nonhsat061515.2,esophageal cancer
nonhsat061515.2,osteosarcoma
nonhsat061515.2,tongue squamous cell carcinoma
nonhsat061515.2,endometrial cancer
nonhsat061515.2,epithelial ovarian cancer
nonhsat061515.2,pancreatic ductal adenocarcinoma
nonhsat061515.2,colon cancer
nonhsat061515.2,tongue squamous cell carcinoma
nonhsat061515.2,uterine leiomyoma
nonhsat061515.2,colon cancer
nonhsat061515.2,acute myeloid leukemia
nonhsat061515.2,esophageal squamous cell cancer
nonhsat061515.2,acute myeloid leukemia
nonhsat061515.2,liver cancer
nonhsat061515.2,liver cancer
nonhsat061515.2,oral squamous cell carcinoma
nonhsat061515.2,lung cancer
nonhsat061515.2,lung cancer
nonhsat061515.2,melanoma
nonhsat061515.2,pancreatic cancer
nonhsat061515.2,osteosarcoma
nonhsat061515.2,pancreatic cancer
nonhsat061515.2,lung cancer
nonhsat061515.2,melanoma
nonhsat061515.2,lung cancer
nonhsat061515.2,prostate cancer
nonhsat061515.2,prostate cancer
nonhsat061515.2,oral squamous cell carcinoma
nonhsat061515.2,renal cell carcinoma
nonhsat061515.2,acute myeloid leukemia
nonhsat061515.2,glioma
nonhsat061515.2,renal cell carcinoma
nonhsat061515.2,glioma
nonhsat061515.2,liver cancer
nonhsat061515.2,glioma
nonhsat061515.2,esophageal squamous cell cancer
nonhsat061515.2,renal cell carcinoma
nonhsat061515.2,oral squamous cell carcinoma
nonhsat061515.2,esophageal squamous cell cancer
nonhsat061515.2,pancreatic cancer
nonhsat061515.2,colorectal cancer
nonhsat061515.2,pancreatic cancer
nonhsat061515.2,colorectal cancer
nonhsat061515.2,colorectal cancer
nonhsat061515.2,colorectal cancer
nonhsat061515.2,hepatocellular carcinoma
nonhsat061515.2,hepatocellular carcinoma
nonhsat061515.2,prostate cancer
nonhsat061515.2,hepatocellular carcinoma
nonhsat061515.2,hepatocellular carcinoma
nonhsat061515.2,hepatocellular carcinoma
nonhsat061515.2,hepatocellular carcinoma
nonhsat061515.2,prostate cancer
nonhsat061515.2,prostate cancer
nonhsat061515.2,hepatocellular carcinoma
nonhsat061515.2,gastric cancer
nonhsat061515.2,gastric cancer
nonhsat061515.2,gastric cancer
nonhsat061515.2,gastric cancer
nonhsat061515.2,gastric cancer
nonhsat061515.2,gastric cancer
nonhsat061515.2,gastric cancer
nonhsat061515.2,gastric cancer
nonhsat061515.2,gastric cancer
nonhsat061515.2,hepatocellular carcinoma
nonhsat061515.2,hepatocellular carcinoma
nonhsat061515.2,hepatocellular carcinoma
nonhsat061515.2,bladder cancer
nonhsat061515.2,bladder cancer
nonhsat061515.2,bladder cancer
nonhsat061515.2,bladder cancer
nonhsat061515.2,bladder cancer
nonhsat061515.2,bladder cancer
nonhsat061515.2,bladder cancer
nonhsat061515.2,bladder cancer
nonhsat061515.2,bladder cancer
nonhsat061515.2,bladder cancer
nonhsat061515.2,bladder cancer
nonhsat061515.2,bladder cancer
nonhsat061515.2,bladder cancer
nonhsat061515.2,bladder cancer
nonhsat061515.2,bladder cancer
nonhsat061515.2,bladder cancer
nonhsat061515.2,bladder cancer
nonhsat061515.2,bladder cancer
nonhsat061515.2,gastric cancer
nonhsat061515.2,gastric cancer
nonhsat061515.2,gastric cancer
nonhsat061515.2,gastric cancer
nonhsat061515.2,gastric cancer
nonhsat061515.2,gastric cancer
nonhsat061515.2,bladder cancer
nonhsat061515.2,bladder cancer
nonhsat061515.2,bladder cancer
nonhsat061515.2,bladder cancer
nonhsat061515.2,bladder cancer
nonhsat061515.2,bladder cancer
nonhsat061515.2,gastric cancer
nonhsat061515.2,esophageal squamous cell cancer
nonhsat061515.2,colorectal cancer
nonhsat137541.2,leukemia
nonhsat137541.2,glioblastoma
nonhsat137541.2,uveal melanoma
nonhsat137541.2,fibrosarcoma
nonhsat137541.2,bladder cancer
nonhsat137541.2,colon cancer
nonhsat137541.2,prostate cancer
nonhsat137541.2,lung adenocarcinoma
nonhsat137541.2,testicular cancer
nonhsat137541.2,testicular germ cell tumor
nonhsat137541.2,testicular cancer
nonhsat137541.2,pancreatic cancer
nonhsat137541.2,gastric cancer
nonhsat137541.2,glioma
nonhsat137541.2,glioma
nonhsat137541.2,gastric cancer
nonhsat137541.2,bladder cancer
nonhsat137541.2,prostate cancer
nonhsat137541.2,osteosarcoma
nonhsat137541.2,hepatocellular carcinoma
nonhsat137541.2,hepatocellular carcinoma
nonhsat137541.2,pancreatic cancer
nonhsat137541.2,pancreatic cancer
nonhsat137541.2,colorectal cancer
nonhsat137541.2,colorectal cancer
nonhsat137541.2,colorectal cancer
nonhsat137541.2,gastric cancer
nonhsat137541.2,gastric cancer
nonhsat137541.2,glioma
nonhsat137541.2,glioma
nonhsat137541.2,hepatocellular carcinoma
nonhsat137541.2,osteosarcoma
nonhsat137541.2,hepatocellular carcinoma
nonhsat137541.2,hepatocellular carcinoma
nonhsat137541.2,osteosarcoma
nonhsat137541.2,osteosarcoma
nonhsat137541.2,osteosarcoma
nonhsat137541.2,colorectal cancer
nonhsat137541.2,colorectal cancer
nonhsat137541.2,colorectal cancer
nonhsat164150.1,hepatocellular carcinoma
nonhsat164150.1,gastric cancer
nonhsat164150.1,gastric cancer
nonhsat080209.2,esophageal squamous cell cancer
nonhsat080209.2,acute myeloid leukemia
nonhsat080209.2,epithelial ovarian cancer
nonhsat080209.2,osteosarcoma
nonhsat080209.2,hepatocellular carcinoma
nonhsat080209.2,glioma
nonhsat080209.2,colon cancer
nonhsat080209.2,bladder cancer
nonhsat080209.2,osteosarcoma
nonhsat080209.2,hepatocellular carcinoma
nonhsat080209.2,bladder cancer
nonhsat080209.2,glioma
nonhsat080209.2,colorectal cancer
nonhsat080209.2,gastric cancer
nonhsat080209.2,colorectal cancer
nonhsat080209.2,colorectal cancer
nonhsat080209.2,gastric cancer
nonhsat080209.2,gastric cancer
nonhsat080209.2,colorectal cancer
nonhsat080209.2,gastric cancer
nonhsat080209.2,hepatocellular carcinoma
nonhsat136839.2,hepatocellular carcinoma
nonhsat136839.2,hepatocellular carcinoma
